index;mid;display_name;iso_taxonomy;Brown_Level_1;Brown_Level_2;Brown_Level_3;NoisePort_Level_1;NoisePort_Level_2;;;
0;/m/09x0r;Speech;Voice;;Voice;speech;Human;Voice;;;
1;/m/0ytgt;Child speech, kid speaking;Voice;;Voice;speech;Human;Voice;;;
2;/m/01h8n0;Conversation;Voice;;Voice;speech;Human;Voice;;;
3;/m/02qldy;Narration, monologue;Voice;;Voice;speech;Human;Voice;;;
4;/m/0261r1;Babbling;Voice;;Voice;speech;Human;Voice;;;
5;/m/0brhx;Speech synthesizer;Voice;;Voice;speech;Human;Voice;;;
6;/m/07p6fty;Shout;Voice;;Voice;speech;Human;Voice;;;
7;/m/07q4ntr;Bellow;Voice;;Voice;speech;Human;Voice;;;
8;/m/07rwj3x;Whoop;Voice;;Voice;speech;Human;Voice;;;
9;/m/07sr1lc;Yell;Voice;;Voice;speech;Human;Voice;;;
10;/t/dd00135;Children shouting;Voice;;Voice;speech;Human;Voice;;;
11;/m/03qc9zr;Screaming;Voice;;Voice;speech;Human;Voice;;;
12;/m/02rtxlg;Whispering;Voice;;Voice;speech;Human;Voice;;;
13;/m/01j3sz;Laughter;Voice;;Voice;laughter;Human;Voice;;;
14;/t/dd00001;Baby laughter;Voice;;Voice;laughter;Human;Voice;;;
15;/m/07r660_;Giggle;Voice;;Voice;laughter;Human;Voice;;;
16;/m/07s04w4;Snicker;Voice;;Voice;laughter;Human;Voice;;;
17;/m/07sq110;Belly laugh;Voice;;Voice;laughter;Human;Voice;;;
18;/m/07rgt08;Chuckle, chortle;Voice;;Voice;laughter;Human;Voice;;;
19;/m/0463cq4;Crying, sobbing;Voice;;Voice;Crying;Human;Voice;;;
20;/t/dd00002;Baby cry, infant cry;Voice;;Voice;Crying;Human;Voice;;;
21;/m/07qz6j3;Whimper;Voice;;Voice;Voice;Human;Voice;;;
22;/m/07qw_06;Wail, moan;Voice;;Voice;Voice;Human;Voice;;;
23;/m/07plz5l;Sigh;Voice;;Other human;Other human;Human;Voice;;;
24;/m/015lz1;Singing;Voice;;Voice;singing;Human;Voice;;;
25;/m/0l14jd;Choir;Voice;;Voice;singing;Human;Voice;;;
26;/m/01swy6;Yodeling;Voice;;Voice;singing;Human;Voice;;;
27;/m/02bk07;Chant;Voice;;Voice;singing;Human;Voice;;;
28;/m/01c194;Mantra;Voice;;Voice;singing;Human;Voice;;;
29;/t/dd00005;Child singing;Voice;;Voice;singing;Human;Voice;;;
30;/t/dd00006;Synthetic singing;Voice;;Voice;singing;Human;Voice;;;
31;/m/06bxc;Rapping;Voice;;Voice;singing;Human;Voice;;;
32;/m/02fxyj;Humming;Voice;;Voice;singing;Human;Voice;;;
33;/m/07s2xch;Groan;Other human;;Other human;Other human;Human;Voice;;;
34;/m/07r4k75;Grunt;Other human;;Other human;Other human;Human;Voice;;;
35;/m/01w250;Whistling;Other human;;Other human;Other human;Human;Voice;;;
36;/m/0lyf6;Breathing;Other human;;Other human;Other human;Human;Voice;;;
37;/m/07mzm6;Wheeze;Other human;;Other human;Other human;Human;Voice;;;
38;/m/01d3sd;Snoring;Other human;;Other human;Other human;Human;Voice;;;
39;/m/07s0dtb;Gasp;Other human;;Other human;Other human;Human;Voice;;;
40;/m/07pyy8b;Pant;Other human;;Other human;Other human;Human;Voice;;;
41;/m/07q0yl5;Snort;Other human;;Other human;Other human;Human;Voice;;;
42;/m/01b_21;Cough;Other human;;Other human;Other human;Human;Voice;;;
43;/m/0dl9sf8;Throat clearing;Other human;;Other human;Other human;Human;Voice;;;
44;/m/01hsr_;Sneeze;Other human;;Other human;Other human;Human;Voice;;;
45;/m/07ppn3j;Sniff;Other human;;Other human;Other human;Human;Voice;;;
46;/m/06h7j;Run;Human movement;;Human movement;footsteps;Human;Voice;;;
47;/m/07qv_x_;Shuffle;Human movement;;Human movement;footsteps;Human;Voice;;;
48;/m/07pbtc8;Walk, footsteps;Human movement;;Human movement;footsteps;Human;Voice;;;
49;/m/03cczk;Chewing, mastication;Other human;;Other human;Other human;Human;Voice;;;
50;/m/07pdhp0;Biting;Other human;;Other human;Other human;Human;Voice;;;
51;/m/0939n_;Gargling;Other human;;Other human;Other human;Human;Voice;;;
52;/m/01g90h;Stomach rumble;Other human;;Other human;Other human;Human;Voice;;;
53;/m/03q5_w;Burping, eructation;Other human;;Other human;Other human;Human;Voice;;;
54;/m/02p3nc;Hiccup;Other human;;Other human;Other human;Human;Voice;;;
55;/m/02_nn;Fart;Other human;;Other human;Other human;Human;Voice;;;
56;/m/0k65p;Hands;Other human;;Other human;Other human;Human;Voice;;;
57;/m/025_jnm;Finger snapping;Other human;;Other human;Other human;Human;Voice;;;
58;/m/0l15bq;Clapping;Other human;;Other human;Other human;Human;Voice;;;
59;/m/01jg02;Heart sounds, heartbeat;Other human;;Other human;Other human;Human;Voice;;;
60;/m/01jg1z;Heart murmur;Other human;;Other human;Other human;Human;Voice;;;
61;/m/053hz1;Cheering;Other human;;Other human;Other human;Human;Voice;;;
62;/m/028ght;Applause;Other human;;Other human;Other human;Human;Voice;;;
63;/m/07rkbfh;Chatter;Voice;;Voice;speech;Human;Voice;;;
64;/m/03qtwd;Crowd;Voice;;Voice;speech;Human;Voice;;;
65;/m/07qfr4h;Hubbub, speech noise, speech babble;Voice;;Voice;speech;Human;Voice;;;
66;/t/dd00013;Children playing;Voice;;Voice;speech;Human;Voice;;;
67;/m/0jbk;Animal;Nature;;Animal;Animal;Animal;Animal;;;
68;/m/068hy;Domestic animals, pets;Domesticated Animal;;Animal;Domestic Animal;Animal;Animal;;;
69;/m/0bt9lr;Dog;Domesticated Animal;;Animal;Domestic Animal;Animal;Animal;;;
70;/m/05tny_;Bark;Domesticated Animal;;Animal;Domestic Animal;Animal;Animal;;;
71;/m/07r_k2n;Yip;Domesticated Animal;;Animal;Domestic Animal;Animal;Animal;;;
72;/m/07qf0zm;Howl;Domesticated Animal;;Animal;Domestic Animal;Animal;Animal;;;
73;/m/07rc7d9;Bow-wow;Domesticated Animal;;Animal;Domestic Animal;Animal;Animal;;;
74;/m/0ghcn6;Growling;Domesticated Animal;;Animal;Domestic Animal;Animal;Animal;;;
75;/t/dd00136;Whimper (dog);Domesticated Animal;;Animal;Domestic Animal;Animal;Animal;;;
76;/m/01yrx;Cat;Domesticated Animal;;Animal;Domestic Animal;Animal;Animal;;;
77;/m/02yds9;Purr;Domesticated Animal;;Animal;Domestic Animal;Animal;Animal;;;
78;/m/07qrkrw;Meow;Domesticated Animal;;Animal;Domestic Animal;Animal;Animal;;;
79;/m/07rjwbb;Hiss;Industry;;Electro-mechanical;Steam;Sound Event;Air Brake Release;;;
80;/m/07r81j2;Caterwaul;Domesticated Animal;;Animal;Domestic Animal;Animal;Animal;;;
81;/m/0ch8v;Livestock, farm animals, working animals;Domesticated Animal;;Animal;Farm Animal;Animal;Animal;;;
82;/m/03k3r;Horse;Domesticated Animal;;Animal;Farm Animal;Animal;Animal;;;
83;/m/07rv9rh;Clip-clop;Domesticated Animal;;Animal;Farm Animal;Animal;Animal;;;
84;/m/07q5rw0;Neigh, whinny;Domesticated Animal;;Animal;Farm Animal;Animal;Animal;;;
85;/m/01xq0k1;Cattle, bovinae;Domesticated Animal;;Animal;Farm Animal;Animal;Animal;;;
86;/m/07rpkh9;Moo;Domesticated Animal;;Animal;Farm Animal;Animal;Animal;;;
87;/m/0239kh;Cowbell;Domesticated Animal;;Animal;Farm Animal;Animal;Animal;;;
88;/m/068zj;Pig;Domesticated Animal;;Animal;Farm Animal;Animal;Animal;;;
89;/t/dd00018;Oink;Domesticated Animal;;Animal;Farm Animal;Animal;Animal;;;
90;/m/03fwl;Goat;Domesticated Animal;;Animal;Farm Animal;Animal;Animal;;;
91;/m/07q0h5t;Bleat;Domesticated Animal;;Animal;Farm Animal;Animal;Animal;;;
92;/m/07bgp;Sheep;Domesticated Animal;;Animal;Farm Animal;Animal;Animal;;;
93;/m/025rv6n;Fowl;Domesticated Animal;;Animal;Farm Animal;Animal;Animal;;;
94;/m/09b5t;Chicken, rooster;Domesticated Animal;;Animal;Farm Animal;Animal;Animal;;;
95;/m/07st89h;Cluck;Domesticated Animal;;Animal;Farm Animal;Animal;Animal;;;
96;/m/07qn5dc;Crowing, cock-a-doodle-doo;Domesticated Animal;;Animal;Farm Animal;Animal;Animal;;;
97;/m/01rd7k;Turkey;Domesticated Animal;;Animal;Farm Animal;Animal;Animal;;;
98;/m/07svc2k;Gobble;Domesticated Animal;;Animal;Farm Animal;Animal;Animal;;;
99;/m/09ddx;Duck;Domesticated Animal;;Animal;Farm Animal;Animal;Animal;;;
100;/m/07qdb04;Quack;Domesticated Animal;;Animal;Farm Animal;Animal;Animal;;;
101;/m/0dbvp;Goose;Domesticated Animal;;Animal;Farm Animal;Animal;Animal;;;
102;/m/07qwf61;Honk;Wildlife;;Animal;wildlife;Siren;Honk;;;
103;/m/01280g;Wild animals;Wildlife;;Animal;wildlife;Animal;Animal;;;
104;/m/0cdnk;Roaring cats (lions, tigers);Wildlife;;Animal;wildlife;Animal;Animal;;;
105;/m/04cvmfc;Roar;Wildlife;;Animal;wildlife;Animal;Animal;;;
106;/m/015p6;Bird;Wildlife;;Animal;wildlife;Animal;Animal;;;
107;/m/020bb7;Bird vocalization, bird call, bird song;Wildlife;;Animal;wildlife;Animal;Animal;;;
108;/m/07pggtn;Chirp, tweet;Wildlife;;Animal;wildlife;Animal;Animal;;;
109;/m/07sx8x_;Squawk;Wildlife;;Animal;wildlife;Animal;Animal;;;
110;/m/0h0rv;Pigeon, dove;Wildlife;;Animal;wildlife;Animal;Animal;;;
111;/m/07r_25d;Coo;Wildlife;;Animal;wildlife;Animal;Animal;;;
112;/m/04s8yn;Crow;Wildlife;;Animal;wildlife;Animal;Animal;;;
113;/m/07r5c2p;Caw;Wildlife;;Animal;wildlife;Animal;Animal;;;
114;/m/09d5_;Owl;Wildlife;;Animal;wildlife;Animal;Animal;;;
115;/m/07r_80w;Hoot;Wildlife;;Animal;wildlife;Animal;Animal;;;
116;/m/05_wcq;Bird flight, flapping wings;Wildlife;;Animal;wildlife;Animal;Animal;;;
117;/m/01z5f;Canidae, dogs, wolves;Wildlife;;Animal;wildlife;Animal;Animal;;;
118;/m/06hps;Rodents, rats, mice;Wildlife;;Animal;wildlife;Animal;Animal;;;
119;/m/04rmv;Mouse;Wildlife;;Animal;wildlife;Animal;Animal;;;
120;/m/07r4gkf;Patter;Wildlife;;Animal;wildlife;Animal;Animal;;;
121;/m/03vt0;Insect;Wildlife;;Animal;wildlife;Animal;Animal;;;
122;/m/09xqv;Cricket;Wildlife;;Animal;wildlife;Animal;Animal;;;
123;/m/09f96;Mosquito;Wildlife;;Animal;wildlife;Animal;Animal;;;
124;/m/0h2mp;Fly, housefly;Wildlife;;Animal;wildlife;Animal;Animal;;;
125;/m/07pjwq1;Buzz;Wildlife;;Animal;wildlife;Animal;Animal;;;
126;/m/01h3n;Bee, wasp, etc.;Wildlife;;Animal;wildlife;Animal;Animal;;;
127;/m/09ld4;Frog;Wildlife;;Animal;wildlife;Animal;Animal;;;
128;/m/07st88b;Croak;Wildlife;;Animal;wildlife;Animal;Animal;;;
129;/m/078jl;Snake;Wildlife;;Animal;wildlife;Animal;Animal;;;
130;/m/07qn4z3;Rattle;Wildlife;;Animal;wildlife;Animal;Animal;;;
131;/m/032n05;Whale vocalization;Wildlife;;Animal;wildlife;Animal;Animal;;;
132;/m/04rlf;Music;Music;;Music;Music;Music;Music;;;
133;/m/04szw;Musical instrument;Music;;Music;Music;Music;Music;;;
134;/m/0fx80y;Plucked string instrument;Music;;Music;Music;Music;Music;;;
135;/m/0342h;Guitar;Music;;Music;Music;Music;Music;;;
136;/m/02sgy;Electric guitar;Music;;Music;Music;Music;Music;;;
137;/m/018vs;Bass guitar;Music;;Music;Music;Music;Music;;;
138;/m/042v_gx;Acoustic guitar;Music;;Music;Music;Music;Music;;;
139;/m/06w87;Steel guitar, slide guitar;Music;;Music;Music;Music;Music;;;
140;/m/01glhc;Tapping (guitar technique);Music;;Music;Music;Music;Music;;;
141;/m/07s0s5r;Strum;Music;;Music;Music;Music;Music;;;
142;/m/018j2;Banjo;Music;;Music;Music;Music;Music;;;
143;/m/0jtg0;Sitar;Music;;Music;Music;Music;Music;;;
144;/m/04rzd;Mandolin;Music;;Music;Music;Music;Music;;;
145;/m/01bns_;Zither;Music;;Music;Music;Music;Music;;;
146;/m/07xzm;Ukulele;Music;;Music;Music;Music;Music;;;
147;/m/05148p4;Keyboard (musical);Music;;Music;Music;Music;Music;;;
148;/m/05r5c;Piano;Music;;Music;Music;Music;Music;;;
149;/m/01s0ps;Electric piano;Music;;Music;Music;Music;Music;;;
150;/m/013y1f;Organ;Music;;Music;Music;Music;Music;;;
151;/m/03xq_f;Electronic organ;Music;;Music;Music;Music;Music;;;
152;/m/03gvt;Hammond organ;Music;;Music;Music;Music;Music;;;
153;/m/0l14qv;Synthesizer;Music;;Music;Music;Music;Music;;;
154;/m/01v1d8;Sampler;Music;;Music;Music;Music;Music;;;
155;/m/03q5t;Harpsichord;Music;;Music;Music;Music;Music;;;
156;/m/0l14md;Percussion;Music;;Music;Music;Music;Music;;;
157;/m/02hnl;Drum kit;Music;;Music;Music;Music;Music;;;
158;/m/0cfdd;Drum machine;Music;;Music;Music;Music;Music;;;
159;/m/026t6;Drum;Music;;Music;Music;Music;Music;;;
160;/m/06rvn;Snare drum;Music;;Music;Music;Music;Music;;;
161;/m/03t3fj;Rimshot;Music;;Music;Music;Music;Music;;;
162;/m/02k_mr;Drum roll;Music;;Music;Music;Music;Music;;;
163;/m/0bm02;Bass drum;Music;;Music;Music;Music;Music;;;
164;/m/011k_j;Timpani;Music;;Music;Music;Music;Music;;;
165;/m/01p970;Tabla;Music;;Music;Music;Music;Music;;;
166;/m/01qbl;Cymbal;Music;;Music;Music;Music;Music;;;
167;/m/03qtq;Hi-hat;Music;;Music;Music;Music;Music;;;
168;/m/01sm1g;Wood block;Music;;Music;Music;Music;Music;;;
169;/m/07brj;Tambourine;Music;;Music;Music;Music;Music;;;
170;/m/05r5wn;Rattle (instrument);Music;;Music;Music;Music;Music;;;
171;/m/0xzly;Maraca;Music;;Music;Music;Music;Music;;;
172;/m/0mbct;Gong;Music;;Music;Music;Music;Music;;;
173;/m/016622;Tubular bells;Music;;Music;Music;Music;Music;;;
174;/m/0j45pbj;Mallet percussion;Music;;Music;Music;Music;Music;;;
175;/m/0dwsp;Marimba, xylophone;Music;;Music;Music;Music;Music;;;
176;/m/0dwtp;Glockenspiel;Music;;Music;Music;Music;Music;;;
177;/m/0dwt5;Vibraphone;Music;;Music;Music;Music;Music;;;
178;/m/0l156b;Steelpan;Music;;Music;Music;Music;Music;;;
179;/m/05pd6;Orchestra;Music;;Music;Music;Music;Music;;;
180;/m/01kcd;Brass instrument;Music;;Music;Music;Music;Music;;;
181;/m/0319l;French horn;Music;;Music;Music;Music;Music;;;
182;/m/07gql;Trumpet;Music;;Music;Music;Music;Music;;;
183;/m/07c6l;Trombone;Music;;Music;Music;Music;Music;;;
184;/m/0l14_3;Bowed string instrument;Music;;Music;Music;Music;Music;;;
185;/m/02qmj0d;String section;Music;;Music;Music;Music;Music;;;
186;/m/07y_7;Violin, fiddle;Music;;Music;Music;Music;Music;;;
187;/m/0d8_n;Pizzicato;Music;;Music;Music;Music;Music;;;
188;/m/01xqw;Cello;Music;;Music;Music;Music;Music;;;
189;/m/02fsn;Double bass;Music;;Music;Music;Music;Music;;;
190;/m/085jw;Wind instrument, woodwind instrument;Music;;Music;Music;Music;Music;;;
191;/m/0l14j_;Flute;Music;;Music;Music;Music;Music;;;
192;/m/06ncr;Saxophone;Music;;Music;Music;Music;Music;;;
193;/m/01wy6;Clarinet;Music;;Music;Music;Music;Music;;;
194;/m/03m5k;Harp;Music;;Music;Music;Music;Music;;;
195;/m/0395lw;Bell;Music;;Music;Music;Music;Music;;;
196;/m/03w41f;Church bell;Music;;Music;Music;Music;Music;;;
197;/m/027m70_;Jingle bell;Music;;Music;Music;Music;Music;;;
198;/m/0gy1t2s;Bicycle bell;Music;;Music;Music;Music;Music;;;
199;/m/07n_g;Tuning fork;Music;;Music;Music;Music;Music;;;
200;/m/0f8s22;Chime;Music;;Music;Music;Music;Music;;;
201;/m/026fgl;Wind chime;Music;;Music;Music;Music;Music;;;
202;/m/0150b9;Change ringing (campanology);Music;;Music;Music;Music;Music;;;
203;/m/03qjg;Harmonica;Music;;Music;Music;Music;Music;;;
204;/m/0mkg;Accordion;Music;;Music;Music;Music;Music;;;
205;/m/0192l;Bagpipes;Music;;Music;Music;Music;Music;;;
206;/m/02bxd;Didgeridoo;Music;;Music;Music;Music;Music;;;
207;/m/0l14l2;Shofar;Music;;Music;Music;Music;Music;;;
208;/m/07kc_;Theremin;Music;;Music;Music;Music;Music;;;
209;/m/0l14t7;Singing bowl;Music;;Music;Music;Music;Music;;;
210;/m/01hgjl;Scratching (performance technique);Music;;Music;Music;Music;Music;;;
211;/m/064t9;Pop music;Music;;Music;Music;Music;Music;;;
212;/m/0glt670;Hip hop music;Music;;Music;Music;Music;Music;;;
213;/m/02cz_7;Beatboxing;Music;;Music;Music;Music;Music;;;
214;/m/06by7;Rock music;Music;;Music;Music;Music;Music;;;
215;/m/03lty;Heavy metal;Music;;Music;Music;Music;Music;;;
216;/m/05r6t;Punk rock;Music;;Music;Music;Music;Music;;;
217;/m/0dls3;Grunge;Music;;Music;Music;Music;Music;;;
218;/m/0dl5d;Progressive rock;Music;;Music;Music;Music;Music;;;
219;/m/07sbbz2;Rock and roll;Music;;Music;Music;Music;Music;;;
220;/m/05w3f;Psychedelic rock;Music;;Music;Music;Music;Music;;;
221;/m/06j6l;Rhythm and blues;Music;;Music;Music;Music;Music;;;
222;/m/0gywn;Soul music;Music;;Music;Music;Music;Music;;;
223;/m/06cqb;Reggae;Music;;Music;Music;Music;Music;;;
224;/m/01lyv;Country;Music;;Music;Music;Music;Music;;;
225;/m/015y_n;Swing music;Music;;Music;Music;Music;Music;;;
226;/m/0gg8l;Bluegrass;Music;;Music;Music;Music;Music;;;
227;/m/02x8m;Funk;Music;;Music;Music;Music;Music;;;
228;/m/02w4v;Folk music;Music;;Music;Music;Music;Music;;;
229;/m/06j64v;Middle Eastern music;Music;;Music;Music;Music;Music;;;
230;/m/03_d0;Jazz;Music;;Music;Music;Music;Music;;;
231;/m/026z9;Disco;Music;;Music;Music;Music;Music;;;
232;/m/0ggq0m;Classical music;Music;;Music;Music;Music;Music;;;
233;/m/05lls;Opera;Music;;Music;Music;Music;Music;;;
234;/m/02lkt;Electronic music;Music;;Music;Music;Music;Music;;;
235;/m/03mb9;House music;Music;;Music;Music;Music;Music;;;
236;/m/07gxw;Techno;Music;;Music;Music;Music;Music;;;
237;/m/07s72n;Dubstep;Music;;Music;Music;Music;Music;;;
238;/m/0283d;Drum and bass;Music;;Music;Music;Music;Music;;;
239;/m/0m0jc;Electronica;Music;;Music;Music;Music;Music;;;
240;/m/08cyft;Electronic dance music;Music;;Music;Music;Music;Music;;;
241;/m/0fd3y;Ambient music;Music;;Music;Music;Music;Music;;;
242;/m/07lnk;Trance music;Music;;Music;Music;Music;Music;;;
243;/m/0g293;Music of Latin America;Music;;Music;Music;Music;Music;;;
244;/m/0ln16;Salsa music;Music;;Music;Music;Music;Music;;;
245;/m/0326g;Flamenco;Music;;Music;Music;Music;Music;;;
246;/m/0155w;Blues;Music;;Music;Music;Music;Music;;;
247;/m/05fw6t;Music for children;Music;;Music;Music;Music;Music;;;
248;/m/02v2lh;New-age music;Music;;Music;Music;Music;Music;;;
249;/m/0y4f8;Vocal music;Music;;Music;Music;Music;Music;;;
250;/m/0z9c;A capella;Music;;Music;Music;Music;Music;;;
251;/m/0164x2;Music of Africa;Music;;Music;Music;Music;Music;;;
252;/m/0145m;Afrobeat;Music;;Music;Music;Music;Music;;;
253;/m/02mscn;Christian music;Music;;Music;Music;Music;Music;;;
254;/m/016cjb;Gospel music;Music;;Music;Music;Music;Music;;;
255;/m/028sqc;Music of Asia;Music;;Music;Music;Music;Music;;;
256;/m/015vgc;Carnatic music;Music;;Music;Music;Music;Music;;;
257;/m/0dq0md;Music of Bollywood;Music;;Music;Music;Music;Music;;;
258;/m/06rqw;Ska;Music;;Music;Music;Music;Music;;;
259;/m/02p0sh1;Traditional music;Music;;Music;Music;Music;Music;;;
260;/m/05rwpb;Independent music;Music;;Music;Music;Music;Music;;;
261;/m/074ft;Song;Music;;Music;Music;Music;Music;;;
262;/m/025td0t;Background music;Music;;Music;Music;Music;Music;;;
263;/m/02cjck;Theme music;Music;;Music;Music;Music;Music;;;
264;/m/03r5q_;Jingle (music);Music;;Music;Music;Music;Music;;;
265;/m/0l14gg;Soundtrack music;Music;;Music;Music;Music;Music;;;
266;/m/07pkxdp;Lullaby;Music;;Music;Music;Music;Music;;;
267;/m/01z7dr;Video game music;Music;;Music;Music;Music;Music;;;
268;/m/0140xf;Christmas music;Music;;Music;Music;Music;Music;;;
269;/m/0ggx5q;Dance music;Music;;Music;Music;Music;Music;;;
270;/m/04wptg;Wedding music;Music;;Music;Music;Music;Music;;;
271;/t/dd00031;Happy music;Music;;Music;Music;Music;Music;;;
272;/t/dd00033;Sad music;Music;;Music;Music;Music;Music;;;
273;/t/dd00034;Tender music;Music;;Music;Music;Music;Music;;;
274;/t/dd00035;Exciting music;Music;;Music;Music;Music;Music;;;
275;/t/dd00036;Angry music;Music;;Music;Music;Music;Music;;;
276;/t/dd00037;Scary music;Music;;Music;Music;Music;Music;;;
277;/m/03m9d0z;Wind;Wind;;Geonature;wind;Nature;Wind;;;
278;/m/09t49;Rustling leaves;Wind;;Geonature;wind;Nature;Wind;;;
279;/t/dd00092;Wind noise (microphone);Wind;;Geonature;wind;Nature;Wind;;;
280;/m/0jb2l;Thunderstorm;Thunder;;Geonature;thunder;Nature;Rain;;;
281;/m/0ngt1;Thunder;Thunder;;Geonature;thunder;Nature;Rain;;;
282;/m/0838f;Water;Water;;Geonature;water;Nature;Sea sound;;;
283;/m/06mb1;Rain;Water;;Geonature;water;Nature;Rain;;;
284;/m/07r10fb;Raindrop;Water;;Geonature;water;Nature;Rain;;;
285;/t/dd00038;Rain on surface;Water;;Geonature;water;Nature;Rain;;;
286;/m/0j6m2;Stream;Water;;Geonature;water;Nature;Sea sound;;;
287;/m/0j2kx;Waterfall;Water;;Geonature;water;Nature;Sea sound;;;
288;/m/05kq4;Ocean;Water;;Geonature;water;Nature;Sea sound;;;
289;/m/034srq;Waves, surf;Water;;Geonature;water;Nature;Sea sound;;;
290;/m/06wzb;Steam;Industry;;Electro-mechanical;Steam;Nature;Sea sound;;;
291;/m/07swgks;Gurgling;Fx;;Other Sounds;Other Sounds;Nature;Sea sound;;;
292;/m/02_41;Fire;Fx;;Other Sounds;Other Sounds;Nature;Sea sound;;;
293;/m/07pzfmf;Crackle;Fx;;Other Sounds;Other Sounds;Sound Event; Squeak;;;
294;/m/07yv9;Vehicle;Roadway traffic;;Motorised transport;roadway traffic;Engine;Vehicle;;;
295;/m/019jd;Boat, Water vehicle;Marine traffic;;Motorised transport;marine traffic;Engine;Vehicle;;;
296;/m/0hsrw;Sailboat, sailing ship;Marine traffic;;Motorised transport;marine traffic;Nature;Sea sound;;;
297;/m/056ks2;Rowboat, canoe, kayak;Marine traffic;;Motorised transport;marine traffic;Nature;Sea sound;;;
298;/m/02rlv9;Motorboat, speedboat;Marine traffic;;Motorised transport;marine traffic;Engine;Other Engine;;;
299;/m/06q74;Ship;Marine traffic;;Motorised transport;roadway traffic;Engine;Machinery;;;
300;/m/012f08;Motor vehicle (road);Roadway traffic;;Motorised transport;roadway traffic;Engine;Other Engine;;;
301;/m/0k4j;Car;Roadway traffic;;Motorised transport;roadway traffic;Engine;Vehicle;;;
302;/m/0912c9;Vehicle horn, car horn, honking;Roadway traffic;;Motorised transport;roadway traffic;Siren;Honk;;;
303;/m/07qv_d5;Toot;Roadway traffic;;Motorised transport;roadway traffic;Siren;Honk;;;
304;/m/02mfyn;Car alarm;Roadway traffic;;Social/communal;alarms;Siren;Other Siren;;;
305;/m/04gxbd;Power windows, electric windows;Roadway traffic;;Motorised transport;roadway traffic;Sound Event;Scrap;;;
306;/m/07rknqz;Skidding;Roadway traffic;;Motorised transport;roadway traffic;Engine;Vehicle;;;
307;/m/0h9mv;Tire squeal;Roadway traffic;;Motorised transport;roadway traffic;Engine;Vehicle;;;
308;/t/dd00134;Car passing by;Roadway traffic;;Motorised transport;roadway traffic;Engine;Vehicle;;;
309;/m/0ltv;Race car, auto racing;Roadway traffic;;Motorised transport;roadway traffic;Engine;Vehicle;;;
310;/m/07r04;Truck;Roadway traffic;;Motorised transport;roadway traffic;Engine;Vehicle;;;
311;/m/0gvgw0;Air brake;Roadway traffic;;Motorised transport;roadway traffic;Siren;Other Siren;;;
312;/m/05x_td;Air horn, truck horn;Roadway traffic;;Motorised transport;roadway traffic;Engine;Vehicle;;;
313;/m/02rhddq;Reversing beeps;Roadway traffic;;Social/communal;alarms;Engine;Other Engine;;;
314;/m/03cl9h;Ice cream truck, ice cream van;Roadway traffic;;Motorised transport;roadway traffic;Music;Music;;;
315;/m/01bjv;Bus;Roadway traffic;;Motorised transport;roadway traffic;Engine;Other Engine;;;
316;/m/03j1ly;Emergency vehicle;Roadway traffic;;Social/communal;alarms;Siren;Other Siren;;;
317;/m/04qvtq;Police car (siren);Roadway traffic;;Social/communal;alarms;Siren;Other Siren;;;
318;/m/012n7d;Ambulance (siren);Roadway traffic;;Social/communal;alarms;Siren;Other Siren;;;
319;/m/012ndj;Fire engine, fire truck (siren);Roadway traffic;;Social/communal;alarms;Siren;Other Siren;;;
320;/m/04_sv;Motorcycle;Roadway traffic;;Motorised transport;roadway traffic;Engine;Other Engine;;;
321;/m/0btp2;Traffic noise, roadway noise;Roadway traffic;;Motorised transport;roadway traffic;Engine;Vehicle;;;
322;/m/06d_3;Rail transport;Rail traffic;;Motorised transport;rail traffic;Transport;Train;;;
323;/m/07jdr;Train;Rail traffic;;Motorised transport;rail traffic;Transport;Train;;;
324;/m/04zmvq;Train whistle;Rail traffic;;Motorised transport;rail traffic;Transport;Train;;;
325;/m/0284vy3;Train horn;Rail traffic;;Motorised transport;rail traffic;Siren;Other Siren;;;
326;/m/01g50p;Railroad car, train wagon;Rail traffic;;Motorised transport;rail traffic;Transport;Train;;;
327;/t/dd00048;Train wheels squealing;Rail traffic;;Motorised transport;rail traffic;Transport;Train;;;
328;/m/0195fx;Subway, metro, underground;Rail traffic;;Motorised transport;air traffic;Transport;Train;;;
329;/m/0k5j;Aircraft;Air traffic;;Motorised transport;air traffic;Transport;Aircraft;;;
330;/m/014yck;Aircraft engine;Air traffic;;Motorised transport;air traffic;Engine;Other Engine;;;
331;/m/04229;Jet engine;Air traffic;;Motorised transport;air traffic;Engine;Other Engine;;;
332;/m/02l6bg;Propeller, airscrew;Air traffic;;Motorised transport;air traffic;Transport;Aircraft;;;
333;/m/09ct_;Helicopter;Air traffic;;Motorised transport;air traffic;Transport;Aircraft;;;
334;/m/0cmf2;Fixed-wing aircraft, airplane;Air traffic;;Motorised transport;air traffic;Transport;Aircraft;;;
335;/m/0199g;Bicycle;non motorized;;Human movement;non motorized;Engine;Vehicle;;;
336;/m/06_fw;Skateboard;non motorized;;Human movement;non motorized;Engine;Vehicle;;;
337;/m/02mk9;Engine;Industry;;Electro-mechanical;Engine;Engine;Ship Engine;;;
338;/t/dd00065;Light engine (high frequency);Industry;;Electro-mechanical;Engine;Engine;Refrigerator Motor;;;
339;/m/08j51y;Dental drill, dentist's drill;Industry;;Electro-mechanical;Tool;Sound Event;Tool;;;
340;/m/01yg9g;Lawn mower;Agriculture;;Electro-mechanical;Tool;Engine;Ship Engine;;;
341;/m/01j4z9;Chainsaw;Industry;;Electro-mechanical;Tool;Sound Event;Tool;;;
342;/t/dd00066;Medium engine (mid frequency);Industry;;Electro-mechanical;Engine;Engine;Other Engine;;;
343;/t/dd00067;Heavy engine (low frequency);Industry;;Electro-mechanical;Engine;Engine;Ship Engine;;;
344;/m/01h82_;Engine knocking;Industry;;Electro-mechanical;Engine;Engine;Ship Engine;;;
345;/t/dd00130;Engine starting;Industry;;Electro-mechanical;Engine;Engine;Other Engine;;;
346;/m/07pb8fc;Idling;Industry;;Electro-mechanical;Engine;Engine;Machinery;;;
347;/m/07q2z82;Accelerating, revving, vroom;Industry;;Electro-mechanical;Engine;Engine;Machinery;;;
348;/m/02dgv;Door;Domestic ;;Social/communal;domestic;Sound Event;Impact;;;
349;/m/03wwcy;Doorbell;Social/communal;;Social/communal;domestic;Siren;Other Siren;;;
350;/m/07r67yg;Ding-dong;Social/communal;;Social/communal;domestic;Siren;Other Siren;;;
351;/m/02y_763;Sliding door;Domestic;;Social/communal;domestic;Sound Event;Impact;;;
352;/m/07rjzl8;Slam;Domestic;;Social/communal;domestic;Sound Event;Impact;;;
353;/m/07r4wb8;Knock;Domestic;;Social/communal;domestic;Sound Event;Impact;;;
354;/m/07qcpgn;Tap;Domestic;;Social/communal;domestic;Sound Event;Impact;;;
355;/m/07q6cd_;Squeak;Domestic;;Social/communal;domestic;Sound Event;Squeak;;;
356;/m/0642b4;Cupboard open or close;Domestic;;Social/communal;domestic;Sound Event;Impact;;;
357;/m/0fqfqc;Drawer open or close;Domestic;;Social/communal;domestic;Sound Event;Impact;;;
358;/m/04brg2;Dishes, pots, and pans;Domestic;;Social/communal;domestic;Sound Event;Impact;;;
359;/m/023pjk;Cutlery, silverware;Domestic;;Social/communal;domestic;Sound Event;Impact;;;
360;/m/07pn_8q;Chopping (food);Domestic;;Social/communal;domestic;Sound Event;Impact;;;
361;/m/0dxrf;Frying (food);Domestic;;Social/communal;domestic;Sound Event;Squeak;;;
362;/m/0fx9l;Microwave oven;Domestic;;Social/communal;domestic;Engine;Ship Engine;;;
363;/m/02pjr4;Blender;Domestic;;Social/communal;domestic;Engine;Other Engine;;;
364;/m/02jz0l;Water tap, faucet;Domestic;;Social/communal;domestic;Nature;Sea sound;;;
365;/m/0130jx;Sink (filling or washing);Domestic;;Social/communal;domestic;Nature;Sea sound;;;
366;/m/03dnzn;Bathtub (filling or washing);Domestic;;Social/communal;domestic;Nature;Sea sound;;;
367;/m/03wvsk;Hair dryer;Domestic;;Social/communal;domestic;Engine;Refrigerator Motor;;;
368;/m/01jt3m;Toilet flush;Domestic;;Social/communal;domestic;Nature;Sea sound;;;
369;/m/012xff;Toothbrush;Domestic;;Social/communal;domestic;Sound Event;Impact;;;
370;/m/04fgwm;Electric toothbrush;Domestic;;Social/communal;domestic;Engine;Machinery;;;
371;/m/0d31p;Vacuum cleaner;Domestic;;Social/communal;domestic;Engine;Ship Engine;;;
372;/m/01s0vc;Zipper (clothing);Domestic;;Social/communal;domestic;Sound Event;Squeak;;;
373;/m/03v3yw;Keys jangling;Domestic;;Social/communal;domestic;Sound Event;Squeak;;;
374;/m/0242l;Coin (dropping);Domestic;;Social/communal;domestic;Sound Event;Squeak;;;
375;/m/01lsmm;Scissors;Domestic;;Social/communal;domestic;Sound Event;Tool;;;
376;/m/02g901;Electric shaver, electric razor;Domestic;;Social/communal;domestic;Sound Event;Tool;;;
377;/m/05rj2;Shuffling cards;Domestic;;Social/communal;domestic;Sound Event;Squeak;;;
378;/m/0316dw;Typing;Domestic;;Social/communal;domestic;Sound Event;Scrap;;;
379;/m/0c2wf;Typewriter;Domestic;;Social/communal;domestic;Sound Event;Scrap;;;
380;/m/01m2v;Computer keyboard;Domestic;;Social/communal;domestic;Sound Event;Impact;;;
381;/m/081rb;Writing;Domestic;;Social/communal;domestic;Sound Event;Scrap;;;
382;/m/07pp_mv;Alarm;Domestic;;Social/communal;alarm;Siren;Other Siren;;;
383;/m/07cx4;Telephone;Domestic;;Social/communal;domestic;Siren;Other Siren;;;
384;/m/07pp8cl;Telephone bell ringing;Domestic;;Social/communal;domestic;Siren;Other Siren;;;
385;/m/01hnzm;Ringtone;Domestic;;Social/communal;domestic;Music;Music;;;
386;/m/02c8p;Telephone dialing, DTMF;Domestic;;Social/communal;domestic;Music;Music;;;
387;/m/015jpf;Dial tone;Domestic;;Social/communal;domestic;Music;Music;;;
388;/m/01z47d;Busy signal;Social/communal;;Social/communal;alarms;Music;Music;;;
389;/m/046dlr;Alarm clock;Social/communal;;Social/communal;alarms;Siren;Other Siren;;;
390;/m/03kmc9;Siren;Social/communal;;Social/communal;alarms;Siren;Other Siren;;;
391;/m/0dgbq;Civil defense siren;Social/communal;;Social/communal;alarms;Siren;Ship Siren;;;
392;/m/030rvx;Buzzer;Social/communal;;Social/communal;alarms;Siren;Other Siren;;;
393;/m/01y3hg;Smoke detector, smoke alarm;Social/communal;;Social/communal;alarms;Siren;Other Siren;;;
394;/m/0c3f7m;Fire alarm;Social/communal;;Social/communal;alarms;Siren;Other Siren;;;
395;/m/04fq5q;Foghorn;Social/communal;;Social/communal;alarms;Siren;Ship Siren;;;
396;/m/0l156k;Whistle;Industry;;Electro-mechanical;Steam;Siren;Other Siren;;;
397;/m/06hck5;Steam whistle;Industry;;Electro-mechanical;Steam;Transport;Train;;;
398;/t/dd00077;Mechanisms;Industry;;Electro-mechanical;Machine;Engine;Machinery;;;
399;/m/02bm9n;Ratchet, pawl;Industry;;Electro-mechanical;Machine;Engine;Machinery;;;
400;/m/01x3z;Clock;Industry;;Social/communal;domestic;Engine;Machinery;;;
401;/m/07qjznt;Tick;Industry;;Social/communal;domestic;Engine;Machinery;;;
402;/m/07qjznl;Tick-tock;Industry;;Social/communal;domestic;Engine;Machinery;;;
403;/m/0l7xg;Gears;Industry;;Electro-mechanical;Machine;Engine;Machinery;;;
404;/m/05zc1;Pulleys;Industry;;Electro-mechanical;Machine;Engine;Machinery;;;
405;/m/0llzx;Sewing machine;Industry;;Electro-mechanical;Machine;Sound Event;Impact;;;
406;/m/02x984l;Mechanical fan;Industry;;Electro-mechanical;Machine;Engine;Ship Engine;;;
407;/m/025wky1;Air conditioning;Industry;;Electro-mechanical;Machine;Engine;Refrigerator Motor;;;
408;/m/024dl;Cash register;Domestic;;Social/communal;domestic;Sound Event;Scrap;;;
409;/m/01m4t;Printer;Domestic;;Social/communal;domestic;Sound Event;Scrap;;;
410;/m/0dv5r;Camera;Domestic;;Social/communal;domestic;Sound Event;Impact;;;
411;/m/07bjf;Single-lens reflex camera;Domestic;;Social/communal;domestic;Sound Event;Impact;;;
412;/m/07k1x;Tools;Industry;;Electro-mechanical;Tool;Sound Event;Tool;;;
413;/m/03l9g;Hammer;Industry;;Electro-mechanical;Tool;Sound Event;Impact;;;
414;/m/03p19w;Jackhammer;Industry;;Electro-mechanical;Tool;Sound Event;Impact;;;
415;/m/01b82r;Sawing;Industry;;Electro-mechanical;Tool;Sound Event;Tool;;;
416;/m/02p01q;Filing (rasp);Industry;;Electro-mechanical;Tool;Sound Event;Scrap;;;
417;/m/023vsd;Sanding;Industry;;Electro-mechanical;Tool;Sound Event;Tool;;;
418;/m/0_ksk;Power tool;Industry;;Electro-mechanical;Tool;Engine;Machinery;;;
419;/m/01d380;Drill;Industry;;Electro-mechanical;Tool;Sound Event;Tool;;;
420;/m/014zdl;Explosion;Social/communal;;Electro-mechanical;blasting/gunshot;Sound Event;Impact;;;
421;/m/032s66;Gunshot, gunfire;Impulsive;;Electro-mechanical;blasting/gunshot;Sound Event;Impact;;;
422;/m/04zjc;Machine gun;Impulsive;;Electro-mechanical;blasting/gunshot;Sound Event;Impact;;;
423;/m/02z32qm;Fusillade;Impulsive;;Electro-mechanical;blasting/gunshot;Sound Event;Impact;;;
424;/m/0_1c;Artillery fire;Impulsive;;Electro-mechanical;blasting/gunshot;Sound Event;Impact;;;
425;/m/073cg4;Cap gun;Impulsive;;Electro-mechanical;blasting/gunshot;Sound Event;Impact;;;
426;/m/0g6b5;Fireworks;Social/communal;;Social/communal;fireworks;Sound Event;Impact;;;
427;/g/122z_qxw;Firecracker;Social/communal;;Social/communal;fireworks;Sound Event;Impact;;;
428;/m/07qsvvw;Burst, pop;Fx;;Social/communal;fireworks;Sound Event;Impact;;;
429;/m/07pxg6y;Eruption;Fx;;Other Sounds;Other Sounds;Sound Event;Impact;;;
430;/m/07qqyl4;Boom;Fx;;Other Sounds;Other Sounds;Sound Event;Impact;;;
431;/m/083vt;Wood;Fx;;Other Sounds;Other Sounds;Sound Event;Tool;;;
432;/m/07pczhz;Chop;Fx;;Other Sounds;Other Sounds;Sound Event;Scrap;;;
433;/m/07pl1bw;Splinter;Fx;;Other Sounds;Other Sounds;Engine;Machinery;;;
434;/m/07qs1cx;Crack;Fx;;Other Sounds;Other Sounds;Engine;Machinery;;;
435;/m/039jq;Glass;Fx;;Other Sounds;Other Sounds;Sound Event;Scrap;;;
436;/m/07q7njn;Chink, clink;Fx;;Other Sounds;Other Sounds;Sound Event;Scrap;;;
437;/m/07rn7sz;Shatter;Fx;;Other Sounds;Other Sounds;Sound Event;Impact;;;
438;/m/04k94;Liquid;Fx;;Other Sounds;Other Sounds;Nature;Sea sound;;;
439;/m/07rrlb6;Splash, splatter;Fx;;Other Sounds;Other Sounds;Nature;Sea sound;;;
440;/m/07p6mqd;Slosh;Fx;;Other Sounds;Other Sounds;Nature;Sea sound;;;
441;/m/07qlwh6;Squish;Fx;;Other Sounds;Other Sounds;Sound Event;Impact;;;
442;/m/07r5v4s;Drip;Fx;;Other Sounds;Other Sounds;Nature;Sea sound;;;
443;/m/07prgkl;Pour;Fx;;Other Sounds;Other Sounds;Nature;Sea sound;;;
444;/m/07pqc89;Trickle, dribble;Fx;;Other Sounds;Other Sounds;Nature;Sea sound;;;
445;/t/dd00088;Gush;Fx;;Other Sounds;Other Sounds;Nature;Sea sound;;;
446;/m/07p7b8y;Fill (with liquid);Fx;;Other Sounds;Other Sounds;Nature;Rain;;;
447;/m/07qlf79;Spray;Fx;;Other Sounds;Other Sounds;Nature;Wind;;;
448;/m/07ptzwd;Pump (liquid);Fx;;Other Sounds;Other Sounds;Nature;Sea sound;;;
449;/m/07ptfmf;Stir;Fx;;Other Sounds;Other Sounds;Engine;Machinery;;;
450;/m/0dv3j;Boiling;Fx;;Other Sounds;Other Sounds;Sound Event;Squeak;;;
451;/m/0790c;Sonar;Fx;;Other Sounds;Other Sounds;Sound Event;Impact;;;
452;/m/0dl83;Arrow;Fx;;Other Sounds;Other Sounds;Sound Event;Impact;;;
453;/m/07rqsjt;Whoosh, swoosh, swish;Fx;;Other Sounds;Other Sounds;Sound Event;Squeak;;;
454;/m/07qnq_y;Thump, thud;Fx;;Other Sounds;Other Sounds;Sound Event;Impact;;;
455;/m/07rrh0c;Thunk;Fx;;Other Sounds;Other Sounds;Sound Event;Impact;;;
456;/m/0b_fwt;Electronic tuner;Fx;;Other Sounds;Other Sounds;Music;Music;;;
457;/m/02rr_;Effects unit;Fx;;Other Sounds;Other Sounds;Music;Music;;;
458;/m/07m2kt;Chorus effect;Fx;;Music;Music;Music;Music;;;
459;/m/018w8;Basketball bounce;Fx;;Social/communal;Other Sounds;Sound Event;Impact;;;
460;/m/07pws3f;Bang;Fx;;Other Sounds;Other Sounds;Sound Event;Impact;;;
461;/m/07ryjzk;Slap, smack;Fx;;Other Sounds;Other Sounds;Sound Event;Impact;;;
462;/m/07rdhzs;Whack, thwack;Fx;;Other Sounds;Other Sounds;Sound Event;Impact;;;
463;/m/07pjjrj;Smash, crash;Fx;;Other Sounds;Other Sounds;Sound Event;Impact;;;
464;/m/07pc8lb;Breaking;Fx;;Other Sounds;Other Sounds;Sound Event;Scrap;;;
465;/m/07pqn27;Bouncing;Fx;;Other Sounds;Other Sounds;Sound Event;Impact;;;
466;/m/07rbp7_;Whip;Fx;;Other Sounds;Other Sounds;Sound Event;Impact;;;
467;/m/07pyf11;Flap;Fx;;Other Sounds;Other Sounds;Engine;Vehicle;;;
468;/m/07qb_dv;Scratch;Fx;;Other Sounds;Other Sounds;Music;Music;;;
469;/m/07qv4k0;Scrape;Fx;;Other Sounds;Other Sounds;Engine;Machinery;;;
470;/m/07pdjhy;Rub;Fx;;Other Sounds;Other Sounds;Sound Event;Tool;;;
471;/m/07s8j8t;Roll;Fx;;Other Sounds;Other Sounds;Music;Music;;;
472;/m/07plct2;Crushing;Fx;;Other Sounds;Other Sounds;Sound Event;Scrap;;;
473;/t/dd00112;Crumpling, crinkling;Fx;;Other Sounds;Other Sounds;Sound Event;Scrap;;;
474;/m/07qcx4z;Tearing;Fx;;Other Sounds;Other Sounds;Sound Event;Scrap;;;
475;/m/02fs_r;Beep, bleep;Fx;;Other Sounds;Other Sounds;Sound Event;Squeak;;;
476;/m/07qwdck;Ping;Fx;;Other Sounds;Other Sounds;Sound Event;Scrap;;;
477;/m/07phxs1;Ding;Fx;;Other Sounds;Other Sounds;Music;Music;;;
478;/m/07rv4dm;Clang;Fx;;Other Sounds;Other Sounds;Sound Event;Impact;;;
479;/m/07s02z0;Squeal;Fx;;Other Sounds;Other Sounds;Sound Event;Squeak;;;
480;/m/07qh7jl;Creak;Fx;;Other Sounds;Other Sounds;Sound Event;Scrap;;;
481;/m/07qwyj0;Rustle;Fx;;Other Sounds;Other Sounds;Nature;Rain;;;
482;/m/07s34ls;Whir;Fx;;Other Sounds;Other Sounds;Engine;Other Engine;;;
483;/m/07qmpdm;Clatter;Fx;;Other Sounds;Other Sounds;Engine;Other Engine;;;
484;/m/07p9k1k;Sizzle;Fx;;Other Sounds;Other Sounds;Sound Event;Scrap;;;
485;/m/07qc9xj;Clicking;Fx;;Other Sounds;Other Sounds;Sound Event;Impact;;;
486;/m/07rwm0c;Clickety-clack;Fx;;Other Sounds;Other Sounds;Transport;Train;;;
487;/m/07phhsh;Rumble;Fx;;Other Sounds;Other Sounds;Engine;Ship Engine;;;
488;/m/07qyrcz;Plop;Fx;;Other Sounds;Other Sounds;Music;Music;;;
489;/m/07qfgpx;Jingle, tinkle;Fx;;Other Sounds;Other Sounds;Music;Music;;;
490;/m/07rcgpl;Hum;Fx;;Other Sounds;Other Sounds;Sound Event;Squeak;;;
491;/m/07p78v5;Zing;Fx;;Other Sounds;Other Sounds;Music;Music;;;
492;/t/dd00121;Boing;Fx;;Other Sounds;Other Sounds;Music;Music;;;
493;/m/07s12q4;Crunch;Fx;;Other Sounds;Other Sounds;Sound Event;Scrap;;;
494;/m/028v0c;Silence;Fx;;Geonature;Silence;Nature;Wind;;;
495;/m/01v_m0;Sine wave;Fx;;Other Sounds;Other Sounds;Music;Music;;;
496;/m/0b9m1;Harmonic;Fx;;Other Sounds;Other Sounds;Music;Music;;;
497;/m/0hdsk;Chirp tone;Fx;;Other Sounds;Other Sounds;Music;Music;;;
498;/m/0c1dj;Sound effect;Fx;;Other Sounds;Other Sounds;Siren;Other Siren;;;
499;/m/07pt_g0;Pulse;Fx; ;Other Sounds;Other Sounds;Siren;Other Siren;;;
500;/t/dd00125;Inside, small room;Background;;Background;Background people;Sound Event;Impact;;;
501;/t/dd00126;Inside, large room or hall;Background;;Background;Background people;Sound Event;Impact;;;
502;/t/dd00127;Inside, public space;Background;;Background;Background people;Sound Event;Scrap;;;
503;/t/dd00128;Outside, urban or manmade;Background;;Background;Background Env;Engine;Vehicle;;;
504;/t/dd00129;Outside, rural or natural;Background;;Background;Background Env;Animal;Animal;;;
505;/m/01b9nn;Reverberation;Background;;Other Sounds;Other Sounds;Music;Music;;;
506;/m/01jnbd;Echo;Background;;Other Sounds;Other Sounds;Music;Music;;;
507;/m/096m7z;Noise;Background;;Other Sounds;noise;Engine;Machinery;;;
508;/m/06_y0by;Environmental noise;Background;;Background;Background Env;Animal;Animal;;industry;Electro-mechanical
509;/m/07rgkc5;Static;Background;;Other Sounds;noise;Nature;Wind;;;
510;/m/06xkwv;Mains hum;Background;;Other Sounds;noise;Engine;Machinery;;;
511;/m/0g12c5;Distortion;Background;;Other Sounds;noise;Music;Music;;;
512;/m/08p9q4;Sidetone;Background;;Other Sounds;noise;Sound Event;Squeak;;;
513;/m/07szfh9;Cacophony;Background;;Other Sounds;noise;Music;Music;;;
514;/m/0chx_;White noise;Background;;Other Sounds;noise;Nature;Wind;;;
515;/m/0cj0r;Pink noise;Background;;Other Sounds;noise;Nature;Wind;;;
516;/m/07p_0gm;Throbbing;Background;;Other Sounds;noise;Music;Music;;;
517;/m/01jwx6;Vibration;Background;;Other Sounds;noise;Engine;Machinery;;;
518;/m/07c52;Television;Background;;Social/communal;domestic;Sound Event;Voice;;;
519;/m/06bz3;Radio;Background;;Social/communal;domestic;Sound Event;Voice;;;
520;/m/07hvw1;Field recording;Background;;Social/communal;noise;Nature;Wind;;;
